no, title, price, delivery_price, main_img, category 
1561,"쁘리엘르 몰리 강아지 카시트, 그레이",39290,3000,https://thumbnail10.coupangcdn.com/thumbnails/remote/230x230ex/image/retail/images/7810351863368369-eccc1ffc-0895-4ffd-9064-cfb4de0d1a57.jpg,31
1562,"아메리칸솔루션 아메리칸 솔루션 엣지 6kg 벤토나이트, 3개, 노메스(무향)",41400,3000,https://thumbnail8.coupangcdn.com/thumbnails/remote/230x230ex/image/vendor_inventory/5035/5a13e7161fbe77541749552eef03266d600ad65d6b759d539aecc9353210.jpg,31
1563,"프로젝트21 고양이 구강 면역 오랄케어 비오덴트 30p 60g, 크렌베리맛, 1박스",27900,3000,https://thumbnail8.coupangcdn.com/thumbnails/remote/230x230ex/image/retail/images/2023/07/13/9/1/a3e10fed-ed04-4023-b10a-8e3a1fc718a4.jpg,31
1564,"세이펫 확장패널",24900,3000,https://thumbnail8.coupangcdn.com/thumbnails/remote/230x230ex/image/retail/images/2019/08/19/19/5/7d66ff33-4c54-4b79-909d-dc66f5e1de13.jpg,31
1565,"세이펫 안전문",89800,3000,https://thumbnail9.coupangcdn.com/thumbnails/remote/230x230ex/image/retail/images/82965546077449-cf0e931c-968b-4d1c-9ef2-37145ce914fa.jpg,31
1566,"프로젝트21 하루채움 고양이 간식 종합영양제 12g 15p, 닭맛, 2개, 피부/털개선",36000,3000,https://thumbnail6.coupangcdn.com/thumbnails/remote/230x230ex/image/retail/images/2023/04/06/15/5/ab7e15fd-af9a-4bae-ba26-8b80767c8ff6.png,31
1567,"카무라라 고양이 강아지 구름소파 대형, 핑크",34300,3000,https://thumbnail7.coupangcdn.com/thumbnails/remote/230x230ex/image/vendor_inventory/fe67/8792bddd6f7227431f5443b1b652ca077094fc9336fd3658ef0f7dc925f7.jpg,31
1568,"코멧 미끄럼방지 애견매트 러그타입 라이트브라운 헤링본",35990,3000,https://thumbnail10.coupangcdn.com/thumbnails/remote/230x230ex/image/retail/images/265468129701816-6329566a-f8b2-47b8-8ff8-788bd1b82687.jpg,31
1569,"베테리신 반려동물 눈 세정제, 89ml, 1개",25800,3000,https://thumbnail9.coupangcdn.com/thumbnails/remote/230x230ex/image/retail/images/2023/11/13/16/5/797b566e-8ed7-4b36-b3c7-38ef49f6ca4b.jpg,31
1570,"릴라러브스잇 릴라덴트 덴탈케어 미네랄 치약, 75ml, 1개",27000,3000,https://thumbnail9.coupangcdn.com/thumbnails/remote/230x230ex/image/retail/images/16168855796018-5a7a95ba-b720-4a27-9aea-6ec8df30c778.jpg,31
1571,"페스룸 반려동물 스펀지 타월, YELLOW + BLUE",20400,3000,https://thumbnail6.coupangcdn.com/thumbnails/remote/230x230ex/image/retail/images/378062878311170-a5ec5dfb-41c1-4d91-ac01-dd69273cf907.jpg,31
1572,"페스룸 반려동물 릴렉스 샤워 2.0, 혼합색상, 1개",27900,3000,https://thumbnail10.coupangcdn.com/thumbnails/remote/230x230ex/image/retail/images/1675280055211961-f6d24530-1769-442e-a715-f254c81f71f4.jpg,31
1573,"프로젝트21 하루채움 고양이 간식 종합영양제 12g 15p, 가자미맛, 2개, 면역력 강화",33000,3000,https://thumbnail9.coupangcdn.com/thumbnails/remote/230x230ex/image/retail/images/2023/04/06/9/4/58637e73-a1c4-41aa-b8b2-107d4e7c2757.jpg,31
1574,"마마쇼 디럭스 가는입자 두부모래 3kg, 8L, 6개, 베이비파우더향",24850,3000,https://thumbnail7.coupangcdn.com/thumbnails/remote/230x230ex/image/retail/images/2023/10/10/14/2/c9b003a2-4d3a-4158-b5d7-d3c77546e896.jpg,31
1575,"디팡 강아지 펫플레이매트 러그타입, 시크 크리미",57800,3000,https://thumbnail6.coupangcdn.com/thumbnails/remote/230x230ex/image/retail/images/2022/11/04/18/1/1d35e576-351f-45ca-9326-af3ba35bff76.jpg,31
1576,"아이슬란딕 헤링 오메가3 비산화구조 반려동물 영양제 250ml, 청어, 1개, 면역력 강화",36990,3000,https://thumbnail7.coupangcdn.com/thumbnails/remote/230x230ex/image/retail/images/418433519479634-998fe649-28f3-4d50-873c-c734fd21a352.png,31
1577,"페스룸 고양이 버블 샴푸, 1개, 210ml",18300,3000,https://thumbnail9.coupangcdn.com/thumbnails/remote/230x230ex/image/retail/images/377884309154588-80f045d2-d40a-4d65-9849-f92e569c4ff3.jpg,31
1578,"딩동펫 튼튼 원목 캣타워, 혼합 색상, 1개",39800,3000,https://thumbnail9.coupangcdn.com/thumbnails/remote/230x230ex/image/retail/images/3459901938170-8fa03fbb-7174-4b88-bed4-d7ceeffbcbbb.jpg,31
1579,"네꼬모리 두부국시 나노입자 고양이모래 오리지널, 2.8kg, 6개",37900,3000,https://thumbnail6.coupangcdn.com/thumbnails/remote/230x230ex/image/retail/images/8b1a827a-f4cb-47a9-94c9-20e819e4023a8200982052859928184.png,31
1580,"플러쉬퍼피 반려동물 슬리커 브러쉬 소프트, 혼합색상, 1개",32500,3000,https://thumbnail8.coupangcdn.com/thumbnails/remote/230x230ex/image/retail/images/2021/05/20/14/2/3d9189ae-eebb-4898-9654-ef9d40d6fe2f.JPG,31
1581,"페스룸 파인 크랙 두부 고양이 모래 오리지널, 6개, 7L, 두부향",53750,3000,https://thumbnail9.coupangcdn.com/thumbnails/remote/230x230ex/image/retail/images/2023/03/13/15/5/b2b4ef41-ec19-49fa-b170-de28c68761b7.jpg,31
1582,"브리지테일 반려동물 페토메디 락토 생유산균 600 캡슐형, 1박스, 장건강에 도움, 유산균",28900,3000,https://thumbnail10.coupangcdn.com/thumbnails/remote/230x230ex/image/retail/images/2023/09/25/15/3/30f3cd90-c458-4462-aadc-4748f5b16fc8.png,31
1583,"반려동물 습기 차단 스마트 대용량 사료보관통 10L, 그레이",22050,3000,https://thumbnail6.coupangcdn.com/thumbnails/remote/230x230ex/image/retail/images/2021/11/24/14/2/2bbaee8b-1be2-47ea-9f42-1fe8f7b13589.jpg,31
1584,"탐사 가는 입자 고양이 두부모래 1.5mm, 10L, 3팩, 오리지널",18790,3000,https://thumbnail9.coupangcdn.com/thumbnails/remote/230x230ex/image/retail/images/5220654440795329-ec64f8d5-8204-42d1-9baf-76a64b5ab062.png,31
1585,"백사장 고양이 모래 무향 벤토나이트, 4개, 6kg",33500,3000,https://thumbnail6.coupangcdn.com/thumbnails/remote/230x230ex/image/retail/images/a41dceeb-9a1b-4c0e-92ad-d882645596da226703318563424663.png,31
1586,"뉴트리플랜 고양이 건강 레시피 면역 간식캔, 참치, 90g, 24개",18050,3000,https://thumbnail7.coupangcdn.com/thumbnails/remote/230x230ex/image/retail/images/1917400923947967-a518e2e3-00b3-49a0-ae9f-ee84d29e9d2b.png,31
1587,"일동후디스 반려동물 후디스펫 면역케어 산양유 120g, 면역건강, 1개",32760,3000,https://thumbnail10.coupangcdn.com/thumbnails/remote/230x230ex/image/retail/images/3315427710821623-733c51f1-11ac-4cf1-9d1c-4cd2d513bd1c.jpg,31
1588,"페밀리펫 행복켄넬 반려견 이동장, 네이비",51790,3000,https://thumbnail8.coupangcdn.com/thumbnails/remote/230x230ex/image/retail/images/2019/09/05/14/1/3a667792-2eff-4f0e-98be-19cca71511df.jpg,31
1589,"딩동펫 반려동물 항공켄넬, 블랙",26310,3000,https://thumbnail7.coupangcdn.com/thumbnails/remote/230x230ex/image/rs_quotation_api/yqkduuq5/1ec368ae18aa4e9bbfd077de0cab2218.jpg,31
1590,"페스룸 고양이 오도어 프리 두부 씬 모래 가는입자 오리지널, 7L, 3개, 두부향",29400,3000,https://thumbnail10.coupangcdn.com/thumbnails/remote/230x230ex/image/retail/images/2432042853766730-9dad31d6-b24d-494c-b554-5b1219cf1d2e.jpg,31
1591,"정식수입품 펠리웨이 클래식, 스타터키트(디퓨저+리필48ml)",33500,3000,https://thumbnail10.coupangcdn.com/thumbnails/remote/230x230ex/image/vendor_inventory/d322/613b7c584f42db824ec2da5fc468db15a58c3c9a45bf01b86e5dcc6da3ad.jpg,31
1592,"탐사 반려동물 베이직 원터치 폴딩 유모차, 블랙 + 베이지",49790,3000,https://thumbnail6.coupangcdn.com/thumbnails/remote/230x230ex/image/retail/images/4295543486044092-5ab2466f-7b6d-46db-84ca-c9c1b814cb1f.jpg,31
1593,"파파메디 반려동물 메디덴탈 치아 잇몸 영양제 2g x 30p, 치아건강, 1개",23900,3000,https://thumbnail10.coupangcdn.com/thumbnails/remote/230x230ex/image/retail/images/8508150542744003-78eb9038-a40b-42e5-a225-07650071f3c6.jpg,31
1594,"정글몬스터 고양이 쏙쏙뽑냥 토너 100ml + 핑커브러쉬, 1세트",17160,3000,https://thumbnail10.coupangcdn.com/thumbnails/remote/230x230ex/image/retail/images/2491411121474408-62391fa8-c095-4bf1-80a5-96af0503e67f.png,31
1595,"코스믹캣 오리지널 일반입자 고양이 모래 무향, 6kg, 3개",35500,3000,https://thumbnail6.coupangcdn.com/thumbnails/remote/230x230ex/image/rs_quotation_api/r18udtqc/3970c1d38b9141dbabcc5a461c4a5be9.png,31
1596,"펠리스 샌드 하드볼, 4.3kg, 2개, 무향",28680,3000,https://thumbnail7.coupangcdn.com/thumbnails/remote/230x230ex/image/retail/images/1057264749661496-d7dc4780-a617-4d8b-a7e6-329fdb55338d.jpg,31
1597,"수직 벽부착 모서리 고양이 스크레쳐 GO2093, 스크래쳐_크림, 3개",29340,3000,https://thumbnail8.coupangcdn.com/thumbnails/remote/230x230ex/image/retail/images/1136639331809451-d9685daf-b983-4e87-8aa6-99739eff080f.jpg,31
1598,"멍냥이랑 반려동물 마데카스겔 피부연고, 50g, 1개",25500,3000,https://thumbnail6.coupangcdn.com/thumbnails/remote/230x230ex/image/retail/images/885864143651427-1087c3c3-a199-432e-be37-ce27706cf03d.jpg,31
1599,"마마쇼 디럭스 가는입자 두부모래 3kg, 8L, 6개, 오리지널",24850,3000,https://thumbnail6.coupangcdn.com/thumbnails/remote/230x230ex/image/retail/images/2023/10/10/14/5/284b0841-b3d0-4ee1-b66e-a12cea0bdb6e.jpg,31
1600,"바비온 신소재 네오리튬 반려동물 이발기, SBC-7710, 1개",54900,3000,https://thumbnail10.coupangcdn.com/thumbnails/remote/230x230ex/image/retail/images/2547855932930-ef77b801-9586-46ec-b44f-4fc9f8521a68.jpg,31
1601,"초코펫하우스 강아지 야광 슬라이드 논슬립 스텝 2.0 계단, 베이지",31320,3000,https://thumbnail8.coupangcdn.com/thumbnails/remote/230x230ex/image/retail/images/2022/12/30/11/0/b700e1e6-affb-4f96-bf6d-27e8c39898c1.jpg,31
1602,"탐사 가는 입자 고양이 두부모래 2mm, 8L, 5팩, 녹차향",24990,3000,https://thumbnail6.coupangcdn.com/thumbnails/remote/230x230ex/image/retail/images/2302506688845522-f31ecf1d-ecb7-4b30-96e4-1bb308f3ed97.png,31
1603,"디클 반려동물 펫트리 음성 녹음 자동급식기 AT-300 + 밥그릇, 불투명 화이트, 3L",54900,3000,https://thumbnail7.coupangcdn.com/thumbnails/remote/230x230ex/image/retail/images/2258453236370816-783f7406-331b-4964-8dfe-0a31a98884c3.jpg,31
1604,"탐사 더 뉴 고양이 압축 두부모래, 7L, 6개, 녹차향",24190,3000,https://thumbnail6.coupangcdn.com/thumbnails/remote/230x230ex/image/retail/images/3468128550178812-637468f7-4415-48e5-9b1e-02cbd1c17d19.jpg,31
1605,"컨트리캣 벤토나이트 고양이모래 중간입자, 18kg X 1박스",40700,3000,https://thumbnail7.coupangcdn.com/thumbnails/remote/230x230ex/image/vendor_inventory/1bc1/ee11eadb641acddb60e0a18cf93e95d1144678743e4f715eecf173c5a126.png,31
1606,"네꼬모리 응고형 두부국시 극세입자 고양이 모래 무향, 2.8kg, 6개",37900,3000,https://thumbnail8.coupangcdn.com/thumbnails/remote/230x230ex/image/retail/images/828dc75b-bd4e-40b5-8a9a-a75fd796f6167228865171197125910.png,31
1607,"아키즈 반려동물 프로그라인더 발톱 정리기, 혼합색상, 1개",49000,3000,https://thumbnail7.coupangcdn.com/thumbnails/remote/230x230ex/image/rs_quotation_api/w5vytq10/ebd1b77d8fbe41a6a6608ff371e313dd.jpg,31
1608,"ㅁㅊ 초대형 고양이 화장실, 그레이",43890,3000,https://thumbnail9.coupangcdn.com/thumbnails/remote/230x230ex/image/vendor_inventory/16c5/8a6049486b6d9820e5ac7a4929c9386b92d71e7f86ed2a47ae0619a40787.jpeg,31
1609,"페밀리펫 행복켄넬 반려견 이동장, 커피",30200,3000,https://thumbnail8.coupangcdn.com/thumbnails/remote/230x230ex/image/retail/images/2019/09/17/10/0/da97635c-7166-4fed-acf6-08dcaf6e0aa0.jpg,31
1610,"페노비스 인캡슐 강아지 관절 영양제 글루코사민 9000mg 슬개골&관절강화 90g 1개, 뼈/관절강화",18900,3000,https://thumbnail7.coupangcdn.com/thumbnails/remote/230x230ex/image/retail/images/1382659060248764-738bf80e-e49b-4fd5-af2f-0eded3ea0b5f.jpg,31
1611,"페스룸 반려동물 포우 케어 에센스, 85ml, 1개",21400,3000,https://thumbnail6.coupangcdn.com/thumbnails/remote/230x230ex/image/retail/images/627732731164661-0845605c-ddd0-4dcc-95ba-40ff59db356d.jpg,31
1612,"페피릴리프 대나무원단 애견 바디청결티슈 라벤더오일향, 10매, 5팩",36900,3000,https://thumbnail8.coupangcdn.com/thumbnails/remote/230x230ex/image/vendor_inventory/6d3e/f61d2ec8687034b2a16fff794ed926d2bb4fb147bf510ae57e88d3a08925.jpg,31
1613,"딩동펫 반려동물 빅도어 안전문, 화이트",27450,3000,https://thumbnail9.coupangcdn.com/thumbnails/remote/230x230ex/image/retail/images/6595476508730959-a467b0c3-d8a7-492e-be7c-3eca7d66f510.jpg,31
1614,"브리지테일 페토세라 큐아이 강아지 눈물 자국 저자극 세정제, 300g, 1개",34000,3000,https://thumbnail8.coupangcdn.com/thumbnails/remote/230x230ex/image/retail/images/4793120121297560-b8068f4a-be69-4c08-804a-f1b4c54dd604.png,31
1615,"앱코 오엘라 저소음 흡입식 반려동물 이발기 PC01, 화이트, 1개",32900,3000,https://thumbnail9.coupangcdn.com/thumbnails/remote/230x230ex/image/retail/images/9910910202220-acca6c0d-2b8d-4a29-8713-4c0c5e3755c4.jpg,31
1616,"브리지테일 블루밍 강아지 볼류마이징 미스트 허브머스크향, 200ml, 1개",19000,3000,https://thumbnail8.coupangcdn.com/thumbnails/remote/230x230ex/image/retail/images/222472800315214-7a16f278-2189-43f2-8fc7-dfaf440b898a.png,31
1617,"닥터페트라 덴티치카 치약(고양이), 1개, 60g",14900,3000,https://thumbnail9.coupangcdn.com/thumbnails/remote/230x230ex/image/vendor_inventory/c5de/7fff99684dea98b9cdfefeb59d12a8a8543e04f55a12a75cb43f4de98c94.png,31
1618,"강아지 고양이 구내염 치주염 치은염 잇몸염증 바르는 젤 구강 영양제, 1개",25800,3000,https://thumbnail10.coupangcdn.com/thumbnails/remote/230x230ex/image/vendor_inventory/91b7/e79216386636e69f95f4525a71be201dd83e84b0f1a7b4c113c538575fa9.jpg,31
1619,"페스룸 고양이 오도어 프리 두부 씬 모래 가는입자 녹차, 7L, 3개, 녹차향",29400,3000,https://thumbnail6.coupangcdn.com/thumbnails/remote/230x230ex/image/rs_quotation_api/gwwpa2zu/cf3304afcc3f45bb82c41b4ef71cda08.jpg,31
1620,"3651 bukbuk 벅벅 고강도 고양이 초대형 숨숨 하우스 스크래쳐, 1개",39900,3000,https://thumbnail8.coupangcdn.com/thumbnails/remote/230x230ex/image/vendor_inventory/2116/3a87fd141f2dbce39e4544b3f3773fb879f75a2f4654c7804d787af6eedf.png,31
