product_no, img 
539,https://thumbnail9.coupangcdn.com/thumbnails/remote/230x230ex/image/vendor_inventory/956d/b0ad3713b310f46f7689b3798af17f0cd93a0b29ac40687cbd16cf97565c.png
540,https://thumbnail10.coupangcdn.com/thumbnails/remote/230x230ex/image/retail/images/2023/07/28/9/7/c8df802b-01d2-4e60-bc15-a3a37c8f276a.jpg
541,https://thumbnail8.coupangcdn.com/thumbnails/remote/230x230ex/image/vendor_inventory/6c93/b1ce8b27a890978bab9898a763258235385b5542c2904c52205bd5f63a57.png
542,https://thumbnail8.coupangcdn.com/thumbnails/remote/230x230ex/image/retail/images/2980489152645257-4e3a1f50-9fb5-4ca2-a940-69cf4b52ed2b.jpg
543,https://thumbnail9.coupangcdn.com/thumbnails/remote/230x230ex/image/rs_quotation_api/dk3el3ag/f81542be2f1b4221b8c49f5bdd87b895.jpg
544,https://thumbnail8.coupangcdn.com/thumbnails/remote/230x230ex/image/vendor_inventory/4dd8/5f3b45767434d29602d71027b20ae6c86b85e35bdc603e96540e789e5d9f.jpg
545,https://thumbnail10.coupangcdn.com/thumbnails/remote/230x230ex/image/vendor_inventory/6267/fd59932c05e08bfa631202cce52909d3271b2a10adc1d073009bac4e97a6.jpg
546,https://thumbnail7.coupangcdn.com/thumbnails/remote/230x230ex/image/rs_quotation_api/jgkecnko/40e77a4e260c478f933b02e23db2d376.jpg
547,https://thumbnail10.coupangcdn.com/thumbnails/remote/230x230ex/image/vendor_inventory/6cbd/98bbbf1c68ee3842a66a3952c8c59475cf96bf3982f2ed654848e8a7f044.jpg
548,https://thumbnail7.coupangcdn.com/thumbnails/remote/230x230ex/image/retail/images/2023/11/09/16/6/0c1e3420-c893-43e9-92fc-2894d1fbe032.jpg
549,https://thumbnail8.coupangcdn.com/thumbnails/remote/230x230ex/image/retail/images/2023/09/27/14/7/d2b8499e-a3ba-4812-98ba-f1926b421396.jpg
550,https://thumbnail10.coupangcdn.com/thumbnails/remote/230x230ex/image/vendor_inventory/a326/dfeac73400d131f1c94e35463be8f3982357fae280564610b02319c3f5ae.png
551,https://thumbnail7.coupangcdn.com/thumbnails/remote/230x230ex/image/retail/images/2448382450835113-40b0364f-71b9-4c41-a084-261cb0bd645e.jpg
552,https://thumbnail7.coupangcdn.com/thumbnails/remote/230x230ex/image/vendor_inventory/1b09/6365a4c8c1eeb9ad24fe2ce2b442ba7d3d3fd827346294b848a314286d88.jpg
553,https://thumbnail6.coupangcdn.com/thumbnails/remote/230x230ex/image/vendor_inventory/1814/a91308fcd185fba1e4429fee61ca1e460b8ba46ddee8cb1bccd76eb5264f.png
554,https://thumbnail10.coupangcdn.com/thumbnails/remote/230x230ex/image/rs_quotation_api/kbga2a7u/adc109680bfe48a0bfd91915cb956b2b.jpg
555,https://thumbnail10.coupangcdn.com/thumbnails/remote/230x230ex/image/vendor_inventory/c5a6/9e5012a2d2a2ba2f7602e639e259c04c39d0b556543b85fa6e8dd923b90c.jpg
556,https://thumbnail8.coupangcdn.com/thumbnails/remote/230x230ex/image/retail/images/1754227794364389-27f7f998-4dd4-4bc7-a601-dba6b7c0de07.jpg
557,https://thumbnail7.coupangcdn.com/thumbnails/remote/230x230ex/image/vendor_inventory/b9d0/4a447d1c00bf82ae20b716ff571dc9282ff7a7e8f4dba80f6917a2acb64a.jpg
558,https://thumbnail9.coupangcdn.com/thumbnails/remote/230x230ex/image/vendor_inventory/956d/b0ad3713b310f46f7689b3798af17f0cd93a0b29ac40687cbd16cf97565c.png
559,https://thumbnail10.coupangcdn.com/thumbnails/remote/230x230ex/image/retail/images/2023/01/09/17/3/7a2d2ef9-dfa7-4fce-90ab-6bacf89e8502.jpg
560,https://thumbnail7.coupangcdn.com/thumbnails/remote/230x230ex/image/retail/images/2360097441548363-37ff6ce5-7127-4e00-b56b-0f081a7829be.jpg
561,https://thumbnail7.coupangcdn.com/thumbnails/remote/230x230ex/image/rs_quotation_api/ds624bu6/fc00c5886878450e8dfa9e584e6658b6.jpg
562,https://thumbnail6.coupangcdn.com/thumbnails/remote/230x230ex/image/vendor_inventory/0f27/aecae8ed88ccf3d27a5509e676bd02d9fe83282a78ebd27af6b997f347a2.jpg
563,https://thumbnail8.coupangcdn.com/thumbnails/remote/230x230ex/image/retail/images/3387759754000405-bad7753f-e8ec-4f48-95fb-a53f77d5f97c.jpg
564,https://thumbnail7.coupangcdn.com/thumbnails/remote/230x230ex/image/vendor_inventory/6d30/29784d58c6dab93e0cab563d26697c9ea0a0f500fdf5cf84baa34b7c385a.jpg
565,https://thumbnail9.coupangcdn.com/thumbnails/remote/230x230ex/image/vendor_inventory/1b3c/305d4f9715e1eedc1451d92941faa6f81d99ae4edd314763bb2a2dca6b61.jpg
566,https://thumbnail9.coupangcdn.com/thumbnails/remote/230x230ex/image/rs_quotation_api/mzbilia9/b5febae8742f4a40b05b331b0b3d5a6a.jpg
567,https://thumbnail6.coupangcdn.com/thumbnails/remote/230x230ex/image/vendor_inventory/59a4/2def05a6c66d634b80b8e15071d2357177ac119c8e3697ec1a7ae60d3b68.jpg
568,https://thumbnail6.coupangcdn.com/thumbnails/remote/230x230ex/image/vendor_inventory/b439/1e4335bd00aed962caba831be7c2707aa8cb2664e088018051af911bc855.jpg
569,https://thumbnail9.coupangcdn.com/thumbnails/remote/230x230ex/image/vendor_inventory/462c/7c4a4cf64da9a33c8b87405ce3b9e3df45ef7bb57ccdd5b83df073e36c23.jpg
570,https://thumbnail7.coupangcdn.com/thumbnails/remote/230x230ex/image/retail/images/1763863389686338-837e927b-6497-43f8-96eb-785b3c7b91fa.jpg
571,https://thumbnail8.coupangcdn.com/thumbnails/remote/230x230ex/image/retail/images/8252669163987828-111e6a98-d353-4fac-9df2-d457f29cfb22.jpg
572,https://thumbnail7.coupangcdn.com/thumbnails/remote/230x230ex/image/retail/images/1315978769845560-3e95da97-4b38-4b69-9bdf-d01fe6a47d9d.jpg
573,https://thumbnail7.coupangcdn.com/thumbnails/remote/230x230ex/image/vendor_inventory/ced7/602d0328b2d646f26dc8c949591df9c16d38bd2e2fa0201c9986234744aa.jpg
574,https://thumbnail10.coupangcdn.com/thumbnails/remote/230x230ex/image/retail/images/371861766015420-34e0e792-490c-476f-a0eb-cd37aebbc124.jpg
575,https://thumbnail9.coupangcdn.com/thumbnails/remote/230x230ex/image/vendor_inventory/707d/5ec21853c9cc6beb3d278a9a1cac7f8fbfd461d1601d812c41a7fc977081.jpg
576,https://thumbnail9.coupangcdn.com/thumbnails/remote/230x230ex/image/rs_quotation_api/hzvsy5co/9bc4f89eaf634f93a2db1ce667d58c25.jpg
577,https://thumbnail9.coupangcdn.com/thumbnails/remote/230x230ex/image/vendor_inventory/4083/36c6da23aafe8363e9dfe622d62f0ceb4087593696baa7ecd0cd2980cbf5.jpg
578,https://thumbnail9.coupangcdn.com/thumbnails/remote/230x230ex/image/retail/images/2021/03/15/11/6/5cc8fb34-91e9-4b83-9bb7-65fddce9f5d6.jpg
579,https://thumbnail9.coupangcdn.com/thumbnails/remote/230x230ex/image/vendor_inventory/8df0/81fc1161373adcc4269bd5165cb7f12966d43c3612812f2871677d2d84df.jpg
580,https://thumbnail9.coupangcdn.com/thumbnails/remote/230x230ex/image/vendor_inventory/a404/36d1304a262b1a46b76b995cdd502527501fbb953d589cfed5a2bc3d2a62.jpg
581,https://thumbnail10.coupangcdn.com/thumbnails/remote/230x230ex/image/retail/images/2023/08/09/14/3/a9d99d4a-2962-4d2d-834b-ac9fdeb63021.jpg
582,https://thumbnail7.coupangcdn.com/thumbnails/remote/230x230ex/image/vendor_inventory/f1b8/d8a02267dd43f4ce21d97432b187d7f9a72a3a5fd8d7aac82ee2403f35c3.jpg
583,https://thumbnail8.coupangcdn.com/thumbnails/remote/230x230ex/image/vendor_inventory/2d6b/3a5c69beddfd8e5a88ba4466c934600a6fb83bd64cea53bafa1101abca4d.jpg
584,https://thumbnail7.coupangcdn.com/thumbnails/remote/230x230ex/image/vendor_inventory/30b7/e74538fa07f0d004c88ca9466e09ce62ec84c8f1b911cc318ae386aefbfe.jpg
585,https://thumbnail9.coupangcdn.com/thumbnails/remote/230x230ex/image/retail/images/2020/09/04/10/9/939c6889-5738-4da0-b8d3-21d73f47219e.jpg
586,https://thumbnail6.coupangcdn.com/thumbnails/remote/230x230ex/image/vendor_inventory/fd01/d7b71da69397ba66c75c693195dcb2a34426ed693ff6166ddaf3fd830039.jpg
587,https://thumbnail6.coupangcdn.com/thumbnails/remote/230x230ex/image/retail/images/2018/12/27/15/7/33833d07-e416-4827-a436-b335a317315a.jpg
588,https://thumbnail7.coupangcdn.com/thumbnails/remote/230x230ex/image/retail/images/935500856646722-db2c12f0-75e4-4f5b-a529-50b128c2879b.jpg
589,https://thumbnail6.coupangcdn.com/thumbnails/remote/230x230ex/image/vendor_inventory/2a5e/1ee9b21cc0ccf86d374d03e621ef9a2c93e32e99c62b2da6cf314ade60fe.jpg
590,https://thumbnail6.coupangcdn.com/thumbnails/remote/230x230ex/image/vendor_inventory/a3a5/3387175c332965edc8aa2cdd7ca421b59b8947d12d524a60755c20fcd257.jpg
591,https://thumbnail6.coupangcdn.com/thumbnails/remote/230x230ex/image/retail/images/2023/07/25/11/9/1a090642-a0eb-461a-aab9-1548073bf68c.jpg
592,https://thumbnail10.coupangcdn.com/thumbnails/remote/230x230ex/image/retail/images/2023/07/25/11/0/7288c883-a7cf-4fca-9051-ffa1d90d6f08.jpg
593,https://thumbnail6.coupangcdn.com/thumbnails/remote/230x230ex/image/vendor_inventory/1814/a91308fcd185fba1e4429fee61ca1e460b8ba46ddee8cb1bccd76eb5264f.png
594,https://thumbnail10.coupangcdn.com/thumbnails/remote/230x230ex/image/vendor_inventory/c85d/484cb0483d255ed74adeb32d002b6b57de396f37d8bc98be6573f6e0877d.png
595,https://thumbnail6.coupangcdn.com/thumbnails/remote/230x230ex/image/retail/images/2023/12/04/16/5/9fe387a2-b419-491b-bd34-582e8aca8000.jpg
596,https://thumbnail9.coupangcdn.com/thumbnails/remote/230x230ex/image/vendor_inventory/5efa/663f65e283bd22777bd9f6b0203c8a39b76c3dceee1d61e2fe20fb00097b.png
597,https://thumbnail6.coupangcdn.com/thumbnails/remote/230x230ex/image/retail/images/2022/12/28/9/0/b8f6e411-34bb-41af-975a-3a3574ef3617.jpg
598,https://thumbnail9.coupangcdn.com/thumbnails/remote/230x230ex/image/retail/images/2023/08/10/16/6/69d72623-99be-45ca-9528-666607ecd85c.jpg
