no, title, price, delivery_price, category 
1199,"메이튼 차량 튜닝 스피커 커버 몰딩, 현대자동차 팰리세이드, 1개",19250,3000,25
1200,"메이튼 차량용 스포티지 NQ5 튜닝 머드가드, 블랙, 1개",30150,3000,25
1201,"CAIMAN 쏘렌토 4세대 실내 스크래치 방지 퓨얼커버 도어커버, 1세트",20500,3000,25
1202,"현대 캐스퍼 (2021~) 크롬 썬바이저 E086 도어바이저 썬바이져 빗물받이, 컨텐츠 참조",34000,3000,25
1203,"제제데코 초보운전 자동차 탈부착 자석 고휘도 반사 스티커 시트지 사각세로 L110 2종 세트, LB044, LC016, 1세트",14660,3000,25
1204,"튜닝 알루미늄 혼유방지 제네시스 GV80 주유구 캡 커버 한글각인 로고 타입, 가솔린/휘발유, 1개",23440,3000,25
1205,"레이가로바 모닝 스타렉스 승용차용 문틀형 가로바 2개 1셋트 기본 구성",82500,3000,25
1206,"현대 캐스퍼 레터링 프론트 가니쉬/현대 CASPER 레터링/캐스퍼 엠블럼, 레터링 프론트 가니쉬_블랙",52000,3000,25
1207,"메이튼 카니발 KA4 태극기 국기 몰딩 세트, 라인",29000,3000,25
1208,"엑스핏 윈드레인 안깨지는 크롬 썬바이저 6p 세트, 스포티지NQ5",34900,3000,25
1209,"메이튼 쌍용 토레스 트렁크 가드 세트, 블랙, 1세트",39000,3000,25
1210,"모카르트 문콕방지 도어가드 S 2p, 화이트, 1개",21300,3000,25
1211,"제제데코 초보운전 자동차 탈부착 자석 고휘도 반사 미디엄 스티커 E230 2종 세트 230 x 75 mm, EC002, EC048, 1세트",13120,3000,25
1212,"차량용 지오투 실리콘 문콕방지 도어가드 만능 범퍼 스티커, 투명, 6개",8910,3000,25
1213,"뒷좌석 와이드 뷰 보조거울 CT370, 1개, 전차종",9530,3000,25
1214,"리카버리 슈퍼아머 PPF 차량 보호필름 도어컵 9 x 7 cm + 도어엣지 15mm x 5m 세트, 1세트",17490,3000,25
1215,"제제데코 차량 졸음방지 잠깨우는 왕눈이 반사판 눈 스티커 대형 27~28cm, 왕눈이 A005, 1세트",17950,3000,25
1216,"오토반 콰트로 이그제큐티브 롱바디 도어가드 4p, 블랙, 1개",16650,3000,25
1217,"모카르트 문콕방지 도어가드 L 2p, L(88.5cm) 2P, 화이트, 1개",25300,3000,25
1218,"메이튼 토레스 트렁크 엔트리가드, 블랙, 1개",37000,3000,25
1219,"리드홈 스모그 차량용 썬바이저 4p, 토레스 22년~, 투명블랙",17900,3000,25
1220,"초보운전 탈부착 반사 자석스티커 직사각 2종 + 소형 2p 세트 #16, 노랑 + 검정, 1세트",10690,3000,25
1221,"리드홈 스모그 차량용 썬바이저 2p, 스타리아, 투명블랙",13900,3000,25
1222,"오토크로바 올뉴카니발 크롬썬바이져 크롬썬바이저, 올뉴/더뉴 카니발 크롬썬바이져 6P세트",34800,3000,25
1223,"리드홈 스모그 차량용 썬바이저 4p, 스포티지 NQ5, 투명블랙",13900,3000,25
1224,"기아 레이 전용 크롬 썬바이저 4개 1세트, 레이 크롬 썬바이저",26900,3000,25
1225,"메이튼 더 뉴 팰리세이드 머드 가드, 4개, 블랙",29000,3000,25
1226,"엑스핏 윈드레인 안깨지는 크롬 썬바이저 4p 세트, 싼타페TM",34560,3000,25
1227,"제제데코 초보운전 자동차 탈부착 자석 고휘도 반사 미디엄 스티커 E230 2종 세트 230 x 75 mm, EC048, EC062, 1세트",13120,3000,25
1228,"오토크로바 크롬 도어바이져 E065 2p, 현대, 현대 스타리아 2021년형~",24890,3000,25
1229,"삼에스 사각지대 사이드 보조미러 b40 블랙, 전차종, 2개",11550,3000,25
1230,"쏘렌토MQ4 튜닝 그릴 커버 3종 x 10p 세트, 라인",28500,3000,25
1231,"제제데코 초보운전 자동차 탈부착 정사각 자석 고휘도 반사 스티커 140 x 140 mm G140 GC019 + GC064 세트, 혼합색상, 1세트",13120,3000,25
1232,"포터2 사각지대 미러커버 사이드미러 커버, 1개",33880,3000,25
1233,"제제데코 초보운전 자동차 탈부착 자석 고휘도 반사 스티커 시트지 사각세로 L110 2종 세트, LC001, LC049, 1세트",14660,3000,25
1234,"SLY 더뉴쏘렌토 mq4 문콕방지 도어가드 한차분, L, 카본블랙, 1개",39900,3000,25
1235,"현대모비스 차종별 번호판가드 아반떼 N라인 2종 세트, 블랙, 1세트",14690,3000,25
1236,"제제데코 초보운전 자동차 탈부착 자석 고휘도 반사 스티커 시트지 미디엄 E230 EC001 + EC038 세트, 혼합색상, 2개입",13120,3000,25
1237,"스코코 더 뉴 셀토스 SP2 일체형 풀커버 저반사 네비게이션 액정 보호 필름, 1개",16340,3000,25
1238,"카템 쉐보레 번호판가드 플레이트 2p + 번호판 볼트 세트, 1세트",15850,3000,25
1239,"제제데코 초보운전 자동차 탈부착 자석 고휘도 반사 스티커 시트지 미디엄 E230 EB011 + EC043 세트, 혼합색상, 2개입",12050,3000,25
1240,"제제데코 자동차 탈부착 자석 고휘도 반사 스티커 미디엄 E230 EB026 + EC033 세트, 혼합색상, 2개입",12050,3000,25
1241,"제제데코 초보운전 자동차 탈부착 자석 고휘도 반사 미디엄 스티커 E230 2종 세트 230 x 75 mm, EC002, EC047, 1세트",13120,3000,25
1242,"리드홈 스모그 차량용 썬바이저 4p, 더뉴그랜저(20년~), 투명블랙",13900,3000,25
1243,"제제데코 초보운전 자동차 탈부착 자석 고휘도 반사 스티커 시트지 미디엄 E230 EC036 + EC045 세트, 혼합색상, 2개입",12050,3000,25
1244,"[포터2/봉고3] 1톤 트럭 화물차 난간대 고무보호가드, 포터2, 1개",66000,3000,25
1245,"제제데코 칼라 고휘도 반사 자석 초보운전 스티커 A280 280 x 80 mm, AB019, 1개",11080,3000,25
1246,"굿모닝 도어보디가드 4p 문콕방지 대형 도어가드 자석형 내차보디가드, 4개",39000,3000,25
1247,"현대모비스 비천공 번호판가드 고급형 기아 신형로고, 2개, 혼합색상",18300,3000,25
1248,"옵시디언 차량용 문콕 스크래치방지 순정느낌 부착 도어가드 4p 한대분, 블랙 롱버전, 1개",43150,3000,25
1249,"현대모비스 비천공 번호판가드 고급형 현대자동차, 2개, 혼합색상",18050,3000,25
1250,"아리코 시바견 도어가드 8p 세트, 불투명, 1세트",6380,3000,25
1251,"엑스핏 윈드레인 안깨지는 크롬 썬바이저 4p 세트, 카니발 KA4 2020년 8월~",34560,3000,25
1252,"카템 현대 번호판가드 플레이트 2p + 번호판 볼트 세트, 1세트, 혼합색상",13200,3000,25
1253,"어린이보호 표지판 정부규격 앞뒤 큐방 탈부착 / 어린이집 차량, 4800C05-01(앞), 1개",6000,3000,25
1254,"카니발KA4 사이드미러 커버 (블랙유광) 87616R0010ABP 87626R0010ABP, 1개",15710,3000,25
1255,"리버폭스 차량용 루프랙 바스켓 가로바 그물망, 1개",12580,3000,25
1256,"포터2 전용 폴리카보네이트 썬바이저 / 깨지지 않는 선바이저",17900,3000,25
1257,"렉스턴스포츠(칸) 크롬 도어 바이저 4P 18년~현재까지, 쌍용, 컨텐츠 참조",31900,3000,25
1258,"제제데코 초보운전 자동차 탈부착 자석 고휘도 반사 스티커 시트지 미디엄 E230 EB004 + EC043 세트, 혼합색상, 2개입",12050,3000,25
